,Biomedical_4,Biomedical_17,Biomedical_22,Biomedical_32,Biomedical_46,Biomedical_57,Biomedical_66,Biomedical_79,Biomedical_89,Biomedical_94,Biomedical_103,Biomedical_114,Biomedical_122,Biomedical_132,Biomedical_147
0,0.9999990950308142,0.20277760318158702,0.0,0.0,0.850200414758456,0.009235121147376655,0.25254236454655427,0.2249005958063353,0.0,0.1599030847314161,0.08827531604742782,0.3658699814268102,1.0,0.953794956352962,0.06547655892147518
1,0.9999990950308142,0.634521285815234,0.0,0.0,1.0,0.022975220120121622,0.5517137602407625,0.6877029235848052,0.6849763204840078,0.45640234600128826,0.5300885027859976,0.5740406237136284,1.0,0.06914938916279385,0.44119470412846
2,0.9999990950308142,0.4171852173532106,0.0,0.0,1.0,0.048430596488418985,0.5522556723742833,0.5107944001960443,0.3440821042984297,0.14185969704956328,0.36299043539785514,0.6759319250182271,1.0,0.10007159432576476,0.1777657577699669
3,0.0,0.06757539222240634,0.0,0.0,0.23990718791564117,0.11184220401995466,0.0,0.2184515966141104,0.0,0.3218987824896354,0.21947455120518333,0.022693221800522172,1.0,0.9115586344537108,0.06547655892147518
4,0.08302549298196396,0.0,0.0,0.0,0.0,0.11314316022276373,0.0,0.11729241046196649,0.0,0.2489624423260102,0.14575187985240934,0.0,1.0,0.758857993520906,0.06547655892147518
5,0.7683858064632899,0.16969130758579182,0.0,0.0,0.7431228292720218,0.02555044624465649,0.08646547400100317,0.2650228429558133,0.0,0.2772151787989375,0.1909647577750587,0.2060754990536468,1.0,0.989890188353701,0.06547655892147518
6,0.8902878706980027,0.11359545618175274,0.0,0.0,0.7115297279192303,0.011885402437458198,0.09157774127875527,0.12715485766573623,0.0,0.20474416753152588,0.11486078160032918,0.20297181444295784,1.0,0.985265425858735,0.06547655892147518
7,0.9999990950308142,0.25529264543703967,0.0,0.0,0.9195192378084531,0.014971003687710467,0.3125923266815504,0.30370198626864836,0.0,0.14913982504508386,0.10259573768844357,0.4354291530906485,1.0,0.7343304414935308,0.06547655892147518
8,0.9999990950308142,0.3157273709051638,0.0,0.0,0.9443969708768559,0.007523863372912424,0.2848564572125456,0.4768241154285045,0.06157404846132728,0.2692012418977545,0.2056966623707665,0.4131569374688734,1.0,0.5602842987581175,0.06547655892147518
9,0.7683858064632899,0.1862344553836894,0.0,0.0,0.7579969926448723,0.02555044624465649,0.0922519350492245,0.30065405855420635,0.0,0.28942801181530764,0.20641234394542893,0.21515601427361863,1.0,0.9913379526428555,0.06547655892147518
10,0.9999990950308142,0.3876816355917192,0.0,0.0,0.9906585408043411,0.0023417211650563164,0.2842486501371992,0.5773215695755096,0.2451192639673654,0.390129887457117,0.30714282804222387,0.4172358576530753,1.0,0.337678149825561,0.0572678247140037
11,0.9999990950308142,0.5863060715666611,0.0,0.0,1.0,0.33339004168063524,0.792812042054742,0.594566206617155,0.6471632075540631,0.12490007184984367,0.6548778384515204,0.8208902329168547,1.0,0.051630190287902535,0.5662521985980397
12,0.9999990950308142,0.4761961902476282,0.0,0.0,1.0,0.038308156495023844,0.5743535902908229,0.5534158820631847,0.5106784857218312,0.21450951272245292,0.41815631191765995,0.6836973813832005,1.0,0.09307166120487284,0.26311564316194347
13,0.9999990950308142,0.5661544966772758,0.0,0.0,1.0,0.14621246616262953,0.7010852995269333,0.5827952979072931,0.6376157227393291,0.20511818041637914,0.5769541026751824,0.7447224611740192,1.0,0.06735135155941391,0.4753942715986367
14,0.9999990950308142,0.24737962862437884,0.0,0.0,0.8608492506554699,0.001787980832578612,0.21323357298110684,0.36380820993241586,0.0,0.2555984370198391,0.18083249927684927,0.3357995240392446,1.0,0.8404315001561314,0.06547655892147518
15,0.5419258649242993,0.21644562788917016,0.0,0.0,0.7630713375474313,0.07597917802918479,0.07002616127541135,0.4000508262986491,0.0,0.3736645716841625,0.27362733767812253,0.1899742244301195,1.0,0.993400619810554,0.06547655892147518
16,0.9999990950308142,0.2840714942830858,0.0,0.0,0.9012081896978975,0.0034975707144751394,0.24484052440571613,0.43431237216072,0.00906105525985881,0.2803631205797856,0.20294868956938242,0.36878944330909813,1.0,0.6981524526108593,0.06547655892147518
17,0.9999990950308142,0.16681427980976,0.0,0.0,0.8725087444583878,0.022419811895076216,0.3345220649704456,0.07051076304631052,0.0,0.11379451382152586,0.04251379418518906,0.44173904173997847,1.0,1.0,0.06547655892147518
18,0.9999990950308142,0.39056056805346834,0.0,0.0,1.0,0.03042402832748737,0.4977585884713357,0.5081994536172896,0.25212760738245577,0.16477728188869945,0.30333355514482707,0.6215133636936553,1.0,0.1627500689239729,0.10104837534675236
19,0.20785106017140118,0.10424725868108133,0.0,0.0,0.4480687040061572,0.10912187124202956,0.002196170225321361,0.21639709200962728,0.0,0.322948643219048,0.2211245571126119,0.07603246691406634,1.0,0.981895488643302,0.06547655892147518
20,0.5837630428683903,0.05247790088396464,0.0,0.0,0.35652318131785904,0.06592178584593009,0.03080244303038052,0.05483959599693392,0.0,0.2030015080811936,0.11528991893921596,0.10945536163598109,1.0,0.9341019458933582,0.06547655892147518
21,0.8598184631813287,0.2977385666478103,0.0,0.0,0.8693102713292549,0.013036248309173909,0.16560234861374745,0.523859069235155,0.0326539325115527,0.3757697611676201,0.29115203005047796,0.2947308656854985,1.0,0.7122824684838217,0.06547655892147518
22,0.9999990950308142,0.2430626584460431,0.0,0.0,0.8532858367308067,0.0006304633905920852,0.2061449492018844,0.3630812948494642,0.0,0.2674536612252531,0.18413658518036669,0.3264218585991683,1.0,0.8630760925472135,0.06547655892147518
23,0.9999990950308142,0.34738610455581775,0.0,0.0,0.947084284334349,0.0006304633905920852,0.2526107182548659,0.5545000664207312,0.12100091753557668,0.36527279428088366,0.2816057613045775,0.38211592813648304,1.0,0.4886673591942174,0.06547655892147518
24,0.5837630428683903,0.2322716615144918,0.0,0.0,0.7809823335702333,0.06592178584593009,0.08007513990381306,0.42558856606304935,0.0,0.37401507206309664,0.28108224091172673,0.20541146458630288,1.0,0.9934540268680803,0.06547655892147518
25,0.9999990950308142,0.2883865597757042,0.0,0.0,0.9124543503316059,0.00520882848893937,0.25903055754988835,0.4350376370391701,0.014359588351160385,0.26850242834973925,0.19484532722401104,0.38493911542906983,1.0,0.6756038485799256,0.06547655892147518
26,0.8598184631813287,0.25313368417644244,0.0,0.0,0.8292001096175113,0.013036248309173909,0.14241519714389686,0.42767194924631036,0.0,0.3268019601774702,0.2494367572427111,0.2714011907865738,1.0,0.8764740468163379,0.06547655892147518
27,0.9999990950308142,0.22004262686635392,0.0,0.0,0.8436314622988969,0.0034975707144751394,0.21579806642603538,0.2963437243960458,0.0,0.2193689462132289,0.14321236458747816,0.33468169799233655,1.0,0.9295161561160463,0.06547655892147518
28,0.9999990950308142,0.32220235000123804,0.0,0.0,0.9723047340900742,0.012657636696305118,0.3333049755598611,0.46504248038938223,0.07635482635195578,0.24584457468064003,0.18097441336518366,0.45679014273098223,1.0,0.5074358501850241,0.06547655892147518
29,0.9999990950308142,0.22939368139560132,0.0,0.0,0.8815016562480362,0.010946378921840886,0.27836383842953666,0.2736377355563788,0.0,0.17241228468286005,0.10095727503221925,0.3936678380942419,1.0,0.8488936319060497,0.06547655892147518
30,0.5419258649242993,0.41214827597372294,0.0,0.0,0.9401709955433873,0.07597917802918479,0.15407565132724216,0.6383213789768897,0.3317882757951192,0.5579665291276205,0.45703737704739933,0.29457370392285126,1.0,0.3565974796680294,0.06547655892147518
31,0.9711586320485788,0.2754366015835557,0.0,0.0,0.8639861773095638,0.005942701218729099,0.18232638649842148,0.4585967816061605,0.0,0.3275013205279487,0.2459880411917524,0.3102128605158132,1.0,0.7762621988214843,0.06547655892147518
32,0.9207527533687478,0.6683446947836372,0.0,0.0,1.0,0.00949197660280306,0.34834082437522745,0.7810937720457007,0.715213240904759,0.7209634221960243,0.6269017506358974,0.31268061243128725,1.0,0.08605031714650421,0.329360699589849
33,0.9902933005131175,0.3452271432952206,0.0,0.0,0.9340986259587483,0.002393425834655138,0.23133009431828241,0.5605530165325738,0.11834225642770728,0.389076745912925,0.2990992189972038,0.3604822472258607,1.0,0.5132122324294389,0.06547655892147518
34,0.9998588248070153,0.33875216419914633,0.0,0.0,0.9319587522002865,0.0,0.2326135704239897,0.5525470493930961,0.10354164557239502,0.36492338750687603,0.28568799814221557,0.36424476227201785,1.0,0.5303272697879162,0.06547655892147518
35,0.9807250613116624,0.32220235000123804,0.0,0.0,0.9097171518364496,0.003545939598938553,0.2126257659057604,0.545376910833675,0.07635482635195578,0.36457179352301544,0.2823662578545034,0.3416129480476294,1.0,0.5968269952948864,0.06547655892147518
36,0.7988660736101936,0.9223250117614343,0.0,0.0,0.8699477632391327,0.02044502709491476,0.43063082112965567,0.959938810417081,0.9234327521578788,0.978377243393806,0.9157003154702653,0.24624854352157877,1.0,0.03521449669622018,0.7006754588368167
37,0.7379055393163862,0.36321689989543277,0.0,0.0,0.913450107511974,0.03560450264277577,0.16627703413751388,0.5948426158711718,0.15864910370657234,0.47288461265060305,0.3793648767384476,0.3025837497859842,1.0,0.5048557119329169,0.06547655892147518
38,0.9512113012551923,0.8770068244889252,0.0,0.0,0.9950484241187031,0.008336127053384237,0.4487455373388279,0.9187893109653614,0.8883659829165105,0.9193892872648612,0.8551423826085304,0.22337161939584313,1.0,0.04461991255676906,0.6573462933565438
39,0.8902878706980027,0.3013374703107114,0.0,0.0,0.8762274472660084,0.011885402437458198,0.17268162908032297,0.5316183308016446,0.037073552115290065,0.3757697611676201,0.28970844463517215,0.3036797188990142,1.0,0.700978696357783,0.06547655892147518
40,0.3747160659179555,0.13948394445174575,0.0,0.0,0.6389985028010124,0.08878859294915097,0.03095882057889198,0.25994186329540886,0.0,0.3358827086844261,0.22887551078886578,0.12175457057109566,1.0,0.9856498604439907,0.06547655892147518
41,0.7074252721694826,0.2207616457246472,0.0,0.0,0.7816791044534381,0.04565522325575965,0.09548177070527258,0.392199978382321,0.0,0.34987319650877563,0.25335874659304336,0.21972983788920303,1.0,0.9959680077291079,0.06547655892147518
42,0.9807250613116624,0.3740098015127014,0.0,0.0,0.956287101996762,0.003545939598938553,0.2358556999124679,0.5795262427896377,0.19835783052418526,0.4136002895865845,0.3308506289713877,0.36924375529184994,1.0,0.4121793110682037,0.06547655892147518
43,0.9512113012551923,1.0,0.0,1.0,0.898040165877468,0.008336127053384237,0.5012962616914346,1.0,1.0,1.0,1.0,0.2795626739772906,1.0,0.016959868204854078,0.8498458719685059
44,0.9999990950308142,0.21284958125484504,0.0,0.0,0.8224319409361154,7.338727297897288e-05,0.18165071746806064,0.29799062848863545,0.0,0.2308583595707382,0.1607418100632706,0.30409083741719733,1.0,0.976243482294117,0.06547655892147518
45,0.6674636428629606,0.2581687208702128,0.0,0.0,0.8116340977837438,0.05076231029806908,0.10577908474876324,0.47284959788641806,0.0,0.38662050924807007,0.2931530865974705,0.23282422289493007,1.0,0.8907929119692914,0.06547655892147518
46,0.9807250613116624,0.1488340466381345,0.0,0.0,0.7554188431983695,0.003545939598938553,0.13722670810507784,0.17729879675338767,0.0,0.20579020064369585,0.12049456720277146,0.24871681584024039,1.0,0.989241605348789,0.06547655892147518
47,0.9999990950308142,0.421503139874405,0.0,0.0,1.0,0.025842327444004675,0.47378807399903616,0.5398016949250436,0.3546222811875979,0.22460239258885814,0.31220827827655184,0.6045804847763854,1.0,0.10422050474961954,0.12193588997629752
48,0.8902878706980027,0.3509840558758602,0.0,0.0,0.9208635423948317,0.011885402437458198,0.19588795892876462,0.5755632766790625,0.1254320193820257,0.424816301712476,0.3361802159538596,0.33002929349542853,1.0,0.5220484541543714,0.06547655892147518
49,0.7683858064632899,0.1150334938983393,0.0,0.0,0.6685936112167479,0.02555044624465649,0.07119112483649202,0.14736491219674397,0.0,0.2284146993625377,0.140476614052075,0.17667844339080147,1.0,0.9849257377270823,0.06547655892147518
50,0.9711586320485788,0.2833505707390752,0.0,0.0,0.8711009498240743,0.005942701218729099,0.18812809189885618,0.4756615463571323,0.008177966411308548,0.3397360256428483,0.25338319112500524,0.31409714990786264,1.0,0.7454328545783561,0.06547655892147518
51,0.9999990950308142,0.3193253222252062,0.0,0.0,1.0,0.38441087532669843,0.6912069592926621,0.1877635686002388,0.06599679958580419,0.0,0.44272170850982057,0.7986872309190268,1.0,0.2394421223868432,0.16239104619460415
52,0.9999990950308142,0.3099704583245242,0.0,0.0,0.9429043068927517,0.008075935812822425,0.2919583583307926,0.46441375247427535,0.054496811589967026,0.2692012418977545,0.19552570003028405,0.41647763020878054,1.0,0.5782653965089105,0.06547655892147518
53,0.9999990950308142,0.2847895607985204,0.0,0.0,0.916583147020276,0.007523863372912424,0.27322599998032987,0.41012780008762584,0.009943622188285817,0.24479744796354358,0.17682155899076676,0.3963333432209939,1.0,0.6689166594895921,0.06547655892147518
54,0.9999990950308142,0.14955401783928643,0.0,0.0,0.8280822312735132,0.014971003687710467,0.27187220315312216,0.07616353856651685,0.0,0.12013468838274423,0.0,0.37805834448297165,1.0,0.9919523743767372,0.06547655892147518
55,0.9999990950308142,0.3401911542585916,0.0,0.0,0.936934946671599,7.338727297897288e-05,0.23970612822958978,0.5497565535809025,0.10531408631097462,0.3530276999191826,0.27968279145690766,0.3718879238879114,1.0,0.5169168057575695,0.06547655892147518
56,0.9999990950308142,0.2948605865289198,0.0,0.0,0.936684873625651,0.009790529372422063,0.30034619432123294,0.4232609526135526,0.02911896751673537,0.24514576113262476,0.1692980752647139,0.42182841578341235,1.0,0.6224626234797633,0.06547655892147518
57,0.9999990950308142,0.1596212341982511,0.0,0.0,0.7945598098926565,0.004655088156461666,0.1938624270975737,0.15771086931948042,0.0,0.14670491367629512,0.07960293931916547,0.30950511218071314,1.0,0.9911238432680886,0.06547655892147518
58,0.9999990950308142,0.4560465200439601,0.0,0.0,1.0,0.016682261462174698,0.4200448479007052,0.584996670712418,0.4530115313032032,0.3324050450182468,0.33236618995302575,0.555216599612716,1.0,0.1065420277456881,0.1250451147080138
59,0.9999990950308142,0.1883934166442866,0.0,0.0,0.8041195971102958,0.0006304633905920852,0.177131996420036,0.24532187651354695,0.0,0.20648792058678467,0.13314461249305706,0.29791625359663654,1.0,0.9930445727603798,0.06547655892147518
60,0.9999990950308142,0.09418004232211664,0.0,0.0,0.729831382094122,0.001787980832578612,0.14362687726821208,0.034091574798406896,0.0,0.12013468838274423,0.03866717547507269,0.25413993745794494,1.0,0.9846813162385842,0.06547655892147518
61,0.9999990950308142,0.3135684096445666,0.0,0.0,1.0,0.15206843696783803,0.5911504076634834,0.2492394620003284,0.05891904079432067,0.055418976451405116,0.27630808801661144,0.7017465251378158,1.0,0.3360516402943258,0.07615838857405145
62,0.9512113012551923,0.22507766356012426,0.0,0.0,0.8150178581956258,0.008336127053384237,0.15205208650924004,0.3586265677974143,0.0,0.2904784193471835,0.20628129409352206,0.2766374876599394,1.0,0.9678590554071759,0.06547655892147518
63,0.9512113012551923,0.19486649105464351,0.0,0.0,0.7878486526828756,0.008336127053384237,0.14046047778750356,0.29353672653883633,0.0,0.2660554873267593,0.17807705731292126,0.2602120018505537,1.0,0.9928829081538143,0.06547655892147518
64,0.9999990950308142,0.3934385481723588,0.0,0.0,1.0,0.013816822030859348,0.3753675855896614,0.5512087335423043,0.27264637510816797,0.30724666368477055,0.2633008809537713,0.5010020363376729,1.0,0.24405413454825567,0.01253212786198661
65,0.9999990950308142,0.35602194959820654,0.0,0.0,1.0,0.038308156495023844,0.5158959253321793,0.40925319170178165,0.13163712772742409,0.12013468838274423,0.2906495591157055,0.6371556427057427,1.0,0.2588373043004229,0.07179118960938043
66,0.9999990950308142,0.21284958125484504,0.0,0.0,0.9896893457868846,0.09469793631652598,0.5015613167186286,0.058286873200761403,0.0,0.0356023083812788,0.2426493255346223,0.608442396831369,1.0,0.7234491143810772,0.06547655892147518
67,0.9902933005131175,0.09993219318846294,0.0,0.0,0.7193529327543213,0.002393425834655138,0.12112818041444968,0.07210816100385241,0.0,0.1571198601935462,0.07077710525136448,0.2295727437789702,1.0,0.9846899768425074,0.06547655892147518
68,0.9999990950308142,0.1963045287712301,0.0,0.0,0.8813759718674302,0.018395187129206632,0.31773508266372924,0.15959540286029947,0.0,0.12013468838274423,0.034792717159110816,0.4306091787673418,1.0,0.9259321095258464,0.06547655892147518
69,0.9999990950308142,0.3243622636046939,0.0,0.0,1.0,0.048430596488418985,0.5113442568132419,0.33246587583366266,0.07900931209883914,0.1111020584925531,0.26458897198520837,0.6267533033893339,1.0,0.35876166835949397,0.032852078038207756
70,0.9999990950308142,0.5308911453065687,0.0,0.0,1.0,0.009235121147376655,0.39807478584143907,0.6530321270063393,0.615630881387389,0.4655219174831339,0.43054629454846194,0.49754291634987124,1.0,0.09905325164780018,0.19955889957251732
71,0.9999990950308142,0.7136800242276023,0.0,0.0,1.0,0.08456882475286003,0.7226142588786058,0.695019930344868,0.7502111166898573,0.38699670934277625,0.7027735037569888,0.6850957047482107,1.0,0.04001992901191651,0.6712097217315287
72,0.9999990950308142,0.375447839229288,0.0,0.0,1.0,0.10770583045204893,0.5918319777334107,0.39965807762726996,0.20185782687074438,0.09576534300371717,0.3583704188570552,0.7073632367412976,1.0,0.13618703440232452,0.15687919542977294
73,0.20785106017140118,0.0869889013963251,0.0,0.0,0.37961962982710623,0.10912187124202956,0.0012672482468994955,0.1946655489281509,0.0,0.31072104653617044,0.20539653783945647,0.06652704249144067,1.0,0.9755414922316789,0.06547655892147518
74,0.9999990950308142,0.21860363680690867,0.0,0.0,0.8681156218558659,0.009790529372422063,0.2654513803515053,0.2589715430484723,0.0,0.17206451831624212,0.09822627760025314,0.3812832830363653,1.0,0.8979042300795284,0.06547655892147518
75,0.9999990950308142,0.26392563345085246,0.0,0.0,0.9199176702521268,0.012657636696305118,0.3100214404437582,0.3394421153641465,0.0,0.19710041589795355,0.12101740858084553,0.4253270864134697,1.0,0.7133667279805348,0.06547655892147518
76,0.9807250613116624,0.26032863447366866,0.0,0.0,0.854082377689338,0.003545939598938553,0.18360789559093993,0.417447282154441,0.0,0.30339772114605423,0.22452777917353037,0.3087885169914243,1.0,0.8207627875019787,0.06547655892147518
77,0.9999990950308142,0.48771001540890746,0.0,0.0,1.0,0.028714438445590844,0.5302339762188105,0.5759576755549431,0.5421961981250542,0.27409457714125113,0.39817154900924956,0.6365504137985946,1.0,0.09600568135617359,0.24681721091590236
78,0.9999990950308142,0.7439035771902457,0.0,0.0,1.0,0.4298842982925784,0.8990041995731581,0.737776728981139,0.7735524284421414,0.2333266258897843,0.8543309599503505,0.8278683192590292,1.0,0.015536882865813085,0.8502963048316304
79,0.9999990950308142,0.27111963140522,0.0,0.0,0.9705639406329181,0.02412940177697274,0.3953607993941599,0.28636823818391693,0.0,0.12013468838274423,0.14490514842584004,0.510801228359684,1.0,0.6189067238523136,0.06547655892147518
80,0.9512113012551923,0.2718386502635133,0.0,0.0,0.8570683535151783,0.008336127053384237,0.1752441555120627,0.4594210587547062,0.0,0.3393866188688407,0.24996978384243598,0.3012645277054851,1.0,0.7966117311729296,0.06547655892147518
81,0.9999990950308142,0.3308362903579095,0.0,0.0,0.9874257312207128,0.014971003687710467,0.3533493317072691,0.46649713565753637,0.09380000647180953,0.23434914649603514,0.19017574260451056,0.474622798759567,1.0,0.45694092072804887,0.06461092790122093
82,0.9999990950308142,0.4718782677264338,0.0,0.0,1.0,0.004655088156461666,0.33337431277476715,0.6253458209808651,0.4924655611006669,0.4399020348706867,0.3712703415851736,0.4760185201086394,1.0,0.11038589245358277,0.07914286340075859
83,0.9999990950308142,0.5352081154849044,0.0,0.0,1.0,0.05855303648181413,0.6120381207155994,0.5848316502622587,0.6167707549365815,0.23958532688398054,0.4959157261180318,0.6903996540359609,1.0,0.0751285738824092,0.3718194726031115
84,0.9999990950308142,0.5769483506374031,0.0,0.0,1.0,0.19714823728773984,0.7225449216636998,0.5877954175471195,0.6404664504525569,0.18146897388143354,0.6042586448766298,0.7674240094255426,1.0,0.056687501834364024,0.5068874327326609
85,0.4582881602881422,0.18911148315972123,0.0,0.0,0.7311355195073173,0.08701729104224938,0.0504868357642338,0.3497129881820605,0.0,0.3488222421744365,0.260216795837911,0.16256823136293075,1.0,0.9904358064008599,0.06547655892147518
86,0.9999990950308142,0.4697193064658366,0.0,0.0,1.0,0.09758005467351837,0.6256464097091771,0.5304582370370248,0.4884796571193558,0.14325130931849822,0.4510077258301295,0.7388018341089942,1.0,0.08507575863281781,0.2948706838675518
87,0.9999990950308142,0.4510086263216138,0.0,0.0,1.0,0.027556921003604316,0.505570581350748,0.5555083413712044,0.44371978734886497,0.24933700201332668,0.35172150616341713,0.6330189577677201,1.0,0.10296231145744973,0.17955415717154827
88,0.9999990950308142,0.27111963140522,0.0,0.0,0.9300683036301407,0.013816822030859348,0.31712678383508563,0.3463688487595825,0.0,0.1852769062354072,0.12133858257023389,0.43641219471197507,1.0,0.6817701985732136,0.06547655892147518
89,0.9999990950308142,0.3243622636046939,0.0,0.0,0.9374312056177031,0.0034975707144751394,0.2622751458048526,0.5211915136583302,0.07900931209883914,0.31702239812249905,0.24058240455428792,0.39036796148183767,1.0,0.5542810568053823,0.06547655892147518
90,0.9999990950308142,0.5143375217372258,0.0,0.0,1.0,0.027001512778558907,0.5218077834711882,0.5972477889322434,0.5972535519273988,0.2981746640172265,0.418216744232788,0.6264254493811625,1.0,0.08374370963496998,0.276042018815333
91,0.9999990950308142,0.4445317425398222,0.0,0.0,1.0,0.015526411912755875,0.40709157429900567,0.581145918507951,0.42155175203366174,0.3320550914417759,0.3193718841709433,0.5424578746629739,1.0,0.10901438959341833,0.0975791852402769
92,0.9999990950308142,0.28982554983514947,0.0,0.0,0.9247940946481129,0.008075935812822425,0.28032544233209084,0.4209828452991037,0.016126809888507423,0.24479744796354358,0.17672513889247257,0.406129933227067,1.0,0.6531182744997659,0.06547655892147518
93,0.9999990950308142,0.4905879955277979,0.0,0.0,1.0,0.03042402832748737,0.5445071156702106,0.5741160473311655,0.5475166518615325,0.26223716572598416,0.40946763883475634,0.6502786498867863,1.0,0.09264705104030693,0.25909602981046587
94,0.9999990950308142,0.38624169318941526,0.0,0.0,0.9967250796702923,0.004655088156461666,0.29845245237369317,0.5688964504926273,0.24161457033969694,0.3663248422201492,0.29108956069101977,0.42991600172149375,1.0,0.32448805005059234,0.04311775724430317
95,0.9999990950308142,0.4812340839699745,0.0,0.0,1.0,0.027001512778558907,0.5101227416229825,0.575427134807681,0.5199837995993741,0.2737451703672435,0.3830573590942486,0.6281870141710992,1.0,0.09448646708465307,0.22614586596908298
96,0.9999990950308142,0.375447839229288,0.0,0.0,1.0,0.02468814578715356,0.44914828328923945,0.5111995254011853,0.20185782687074438,0.1998891084604558,0.25594647190712166,0.5729685931472267,1.0,0.2492461666001885,0.04286825743428489
97,0.9999990950308142,0.19414651985349157,0.0,0.0,0.8534847290238275,0.01210222847125971,0.26801931606951424,0.1891959461076214,0.0,0.12456980316204928,0.06083564990541324,0.3818931955722015,1.0,0.968904582758566,0.06547655892147518
98,0.9711586320485788,0.18048039983162578,0.0,0.0,0.7785943303387194,0.005942701218729099,0.1417405116201304,0.25398710035141103,0.0,0.24200438098133545,0.15732568672159444,0.2592195929718509,1.0,0.9918113989906547,0.06547655892147518
99,0.9999990950308142,0.4430918001375183,0.0,0.0,1.0,0.14621246616262953,0.6425258416357682,0.5017034235967692,0.41889778820690166,0.10727717526221912,0.44595110278789885,0.7631879274786934,1.0,0.0874557407053677,0.2798606991137043
100,0.9999990950308142,0.47547621904647625,0.0,0.0,1.0,0.008075935812822425,0.36764410830374616,0.6202400882529367,0.5093491551678965,0.42833060114369204,0.3663406943061895,0.49844321386437357,1.0,0.11310820895342856,0.10468326380033921
101,0.9999990950308142,0.22435864470183098,0.0,0.0,0.8953852453015745,0.015526411912755875,0.30805836128131237,0.23709478197085573,0.0,0.12517566029131447,0.06476375038873596,0.42538537157047795,1.0,0.8436135503808981,0.06547655892147518
102,0.9999990950308142,0.40279341207304087,0.0,0.0,1.0,0.015526411912755875,0.3896004012706905,0.5536361843641473,0.295446455692635,0.2953750354054595,0.2708141794581734,0.5201086393694379,1.0,0.20683398632683098,0.03302063325337277
103,0.9999990950308142,0.48339209288771307,0.0,0.0,1.0,0.35596329969194024,0.753071982847645,0.5155857689664192,0.5239717912611782,0.06512089255659678,0.5101553450006179,0.844266744102661,1.0,0.07012346653181785,0.41293456534181
104,0.9999990950308142,0.26392563345085246,0.0,0.0,0.9567347716204668,0.022419811895076216,0.3811265084532392,0.2794456302997349,0.0,0.12013468838274423,0.12912484501487723,0.4929815824107886,1.0,0.6504267512583136,0.06547655892147518
105,0.7683858064632899,0.10496627753937461,0.0,0.0,0.6284572112709088,0.02555044624465649,0.06781081267149897,0.1257051530110869,0.0,0.21622865966686608,0.13131874175845815,0.17149262562663048,1.0,0.9839422780371415,0.06547655892147518
106,0.9999990950308142,0.34666613335466584,0.0,0.0,0.975886091079713,0.008075935812822425,0.3094126498618173,0.5353370666459841,0.12011469716628688,0.30584684937888706,0.22979082270788376,0.4358761794287742,1.0,0.44642478241435507,0.06547655892147518
107,0.9999990950308142,0.2624866433914072,0.0,0.0,0.9149414757808142,0.01210222847125971,0.29709865554648546,0.33634220620790434,0.0,0.18492749946139958,0.1244647666022508,0.41856080416863767,1.0,0.7238032368526018,0.06547655892147518
108,0.9999990950308142,0.22723567247786278,0.0,0.0,0.8353706296333968,7.338727297897288e-05,0.18745340637508975,0.32898229413080016,0.0,0.24305096089596864,0.17416321613990965,0.3118677426522973,1.0,0.9248870633191187,0.06547655892147518
109,0.9999990950308142,0.1862344553836894,0.0,0.0,0.805861686282716,0.001787980832578612,0.18421471915969195,0.2321119894782961,0.0,0.19466003650453245,0.12381087537226985,0.30340494601597534,1.0,0.9931109707237907,0.06547655892147518
110,0.9999990950308142,0.35530102605419595,0.0,0.0,1.0,0.02412940177697274,0.43035396402332876,0.4677562416922517,0.13075142927825753,0.17554710320459052,0.23388392378194933,0.5559285111733167,1.0,0.32248528539336224,0.010037129761803865
111,0.9999990950308142,0.22579668241841755,0.0,0.0,0.9114087081135747,0.019551036678625455,0.336486619392783,0.21449688152604313,0.0,0.12013468838274423,0.0732935340138872,0.45332477790492964,1.0,0.8119936854574507,0.06547655892147518
112,0.9999990950308142,0.3812047518099276,0.0,0.0,1.0,0.0321369539945193,0.5061813389458776,0.4807004458027461,0.2158604218575972,0.1408169447521727,0.30163941327691174,0.6302556168417043,1.0,0.18812443555716793,0.09391191894874874
113,0.9711586320485788,0.16897133638463985,0.0,0.0,0.7682454525253166,0.005942701218729099,0.1359461825191538,0.22920845465774345,0.0,0.22981123285364177,0.14659250014598818,0.2531693855131201,1.0,0.9907254554876233,0.06547655892147518
114,0.9512113012551923,0.2855095319996724,0.0,0.0,0.8693601563669181,0.008336127053384237,0.181044877405903,0.4888970115621578,0.010827232956959336,0.35162515160098295,0.2627488419402983,0.3086089778917114,1.0,0.7476528560506588,0.06547655892147518
115,0.9999990950308142,0.22507766356012426,0.0,0.0,0.9549434452680154,0.03042402832748737,0.42187367841301376,0.15301851281920112,0.0,0.09845670472776345,0.14025525523486443,0.5339971596394022,1.0,0.751128404519488,0.06547655892147518
116,0.9999990950308142,0.40207344087188895,0.0,0.0,1.0,0.02126229445308969,0.43232146896544943,0.5382108977855081,0.29369228215836934,0.24794101532468585,0.26771176094334165,0.560166674732916,1.0,0.17423571373239793,0.06722020072354945
117,0.9999990950308142,0.4725972865847271,0.0,0.0,1.0,0.038308156495023844,0.5743535902908229,0.5510453632966466,0.5040333987125274,0.21450951272245292,0.414332779709952,0.6824520565553368,1.0,0.09591955646160441,0.25851703788492725
118,0.9999990950308142,0.2574497020119195,0.0,0.0,1.0,0.11783494201571489,0.546340371962194,0.13706103528879818,0.0,0.04190803438731331,0.2250635218323621,0.6517232891354906,1.0,0.542184117703381,0.01329015018555358
119,0.9999990950308142,0.27040156488978534,0.0,0.0,0.980959464195824,0.027001512778558907,0.41671961210499914,0.2676813224078794,0.0,0.12013468838274423,0.15978643627242617,0.530630151015801,1.0,0.603227662738762,0.06547655892147518
120,0.9999990950308142,0.4013553743564543,0.0,0.0,1.0,0.009235121147376655,0.33980595414892256,0.5676406448669151,0.29193758670398046,0.3428905290532553,0.2796413715555278,0.47193959992443746,1.0,0.2461232971688967,0.0
121,0.9999990950308142,0.7777231767872143,0.0,0.0,1.0,0.028714438445590844,0.6589346656569333,0.7671916242220317,0.803824839431274,0.5439098782052193,0.7071450008895094,0.5544250663644165,1.0,0.03662016082741485,0.7021686485395214
122,0.9999990950308142,0.4387738776163239,0.0,0.0,1.0,0.09469793631652598,0.606798489333871,0.510069960419845,0.4109390282473609,0.12013468838274423,0.4173747659096557,0.7272166183472307,1.0,0.09411141482031413,0.24812946564187635
123,0.9999990950308142,0.46252245148289306,0.0,0.0,1.0,0.02468814578715356,0.49001740806672106,0.5705730582662456,0.47519522422210414,0.2852575494282087,0.34822050597465104,0.6155745225170653,1.0,0.10373599207458511,0.18045502289779744
124,0.9999990950308142,0.370411850192659,0.0,0.0,1.0,0.10770583045204893,0.5859820805098498,0.3888038575180429,0.1761323839954238,0.0905772812325365,0.3530252145347187,0.7052358285104968,1.0,0.15709397284515755,0.14665922611253585
125,0.9999990950308142,0.41646619849491734,0.0,0.0,1.0,0.015526411912755875,0.39543013660906595,0.5626471260450951,0.3423258430836711,0.3075971640637047,0.28671398946983884,0.527416661332534,1.0,0.15965366244911294,0.054228117104926095
126,0.9999990950308142,0.634521285815234,0.0,0.0,1.0,0.048430596488418985,0.6517167107605456,0.6540404019568125,0.6849763204840078,0.34919844226914276,0.5941895347526552,0.665561850699448,1.0,0.05946009795143037,0.520449937672662
127,0.9999990950308142,0.32867828144017097,0.0,0.0,1.0,0.0315815457694739,0.48152728739046197,0.36748816597096795,0.09114343304443315,0.12013468838274423,0.2452662484840995,0.5948161597679418,1.0,0.3661426680530048,0.01601274544067666
128,0.9999990950308142,0.44884871271815796,0.0,0.0,1.0,0.027001512778558907,0.492597145863863,0.5540850399885806,0.4295120777535723,0.23714166667578004,0.348690384200141,0.6258727811959593,1.0,0.09694150772453698,0.17340998627751045
129,0.9902933005131175,0.23299163271564374,0.0,0.0,0.8331808708372718,0.002393425834655138,0.1790891745429153,0.35852838062956954,0.0,0.2789633062739021,0.19419958417135075,0.30088463337855637,1.0,0.918862651001238,0.06547655892147518
130,0.9999990950308142,0.6438771020587748,0.0,0.0,1.0,0.008075935812822425,0.43761568496316766,0.7312815240628695,0.6888312225143816,0.5759344580695467,0.562984052658954,0.4503636837676358,1.0,0.07253977502637876,0.365370569116685
131,0.6674636428629606,0.2754366015835557,0.0,0.0,0.8271600059343759,0.05076231029806908,0.111568988070065,0.5100881126693626,0.0,0.398879273671352,0.3093129592686196,0.24233615235740041,1.0,0.830402280240784,0.06547655892147518
132,0.9999990950308142,0.5244133091819184,0.0,0.0,1.0,0.009235121147376655,0.39807478584143907,0.6487630479607185,0.6139210710636002,0.4655219174831339,0.4229888600835731,0.49528488691898936,1.0,0.10418417832760851,0.1912901711359193
133,0.9999990950308142,0.3581790061730864,0.0,0.0,0.9641469107880605,0.0023417211650563164,0.2726177011516862,0.5578755597287394,0.1464152960174363,0.36562438826474425,0.27954291441290346,0.4012771735029431,1.0,0.440419375310639,0.06547655892147518
134,0.7988660736101936,0.5186554442584201,0.0,0.0,1.0,0.02044502709491476,0.2501116279984657,0.693589203041987,0.6081773401071606,0.6086961276543159,0.5130710344518518,0.3550513195603426,1.0,0.11507849634594686,0.06609840386781843
135,0.6674636428629606,0.24593968622207493,0.0,0.0,0.8006370384095354,0.05076231029806908,0.09999065668735309,0.4464793299509642,0.0,0.374366119244494,0.28171168760974574,0.2263410399841381,1.0,0.9353266996314913,0.06547655892147518
136,0.8598184631813287,0.3329952516185067,0.0,0.0,0.9010099452625087,0.013036248309173909,0.18300205552878232,0.5637049071306162,0.0964565798991859,0.41254769484485576,0.32414943213994224,0.31330665746593833,1.0,0.5840641519801268,0.06547655892147518
137,0.8902878706980027,0.30781244940678565,0.0,0.0,0.8820497438046995,0.011885402437458198,0.17848185922086607,0.5455864868053774,0.05184389160345344,0.3880241511711962,0.2957679725026176,0.306700659402879,1.0,0.6747385099046035,0.06547655892147518
138,0.9999990950308142,0.08627083488089048,0.0,0.0,0.7347602829582993,0.004655088156461666,0.1648588176283722,0.0,0.0,0.12013468838274423,0.012000228148964977,0.2697468290532773,1.0,0.9845562186263609,0.06547655892147518
139,0.9512113012551923,0.2725586214646652,0.0,0.0,0.857714915431904,0.008336127053384237,0.1752441555120627,0.4609722509862035,0.0,0.3393866188688407,0.25064200847138834,0.30169698275435874,1.0,0.794345780385368,0.06547655892147518
140,0.7074252721694826,0.2150066378297249,0.0,0.0,0.7765046655467368,0.04565522325575965,0.09548177070527258,0.3797970413483491,0.0,0.34987319650877563,0.2479789125170942,0.2162681158854634,1.0,0.9937403079422068,0.06547655892147518
141,0.9999990950308142,0.15386813098904614,0.0,0.0,0.7936622031435348,0.00520882848893937,0.2009476086037157,0.14533268535303237,0.0,0.14670491367629512,0.06946592771751899,0.31283048854930845,1.0,0.9907110211477513,0.06547655892147518
142,0.9999990950308142,0.35889992971709705,0.0,0.0,1.0,0.022975220120121622,0.42906507863135224,0.4840949164625226,0.1481626845900996,0.1995391548839849,0.23022335512065414,0.5504663593165441,1.0,0.314452815826965,0.009427664577026401
143,0.9998588248070153,0.2675235847708949,0.0,0.0,0.8679160817052131,0.0,0.20357996400365863,0.42437649085662943,0.0,0.3037482215249883,0.21910788322575475,0.3258103848537693,1.0,0.7831459355064072,0.06547655892147518
144,0.9999990950308142,0.30493446928789514,0.0,0.0,0.9089215826643663,0.0006304633905920852,0.22937094918221426,0.49646072389520873,0.04149369363915069,0.3163219441670941,0.24191734760531858,0.360109638543558,1.0,0.6447468385187095,0.06547655892147518
145,0.7988660736101936,0.22435864470183098,0.0,0.0,0.7959595063065701,0.02044502709491476,0.11668469762089755,0.3828012386434989,0.0,0.326100959419602,0.23722875057206996,0.24226173470157739,1.0,0.9972517016883847,0.06547655892147518
146,0.9999990950308142,0.28766658857455224,0.0,0.0,0.95966956669338,0.017237669687220108,0.35138477728493167,0.3648734169381941,0.01347702142273338,0.17380608416164794,0.13381004697424226,0.4725266147200205,1.0,0.6060435618754442,0.06547655892147518
147,0.5419258649242993,0.12510166260016267,0.0,0.0,0.6324888293147805,0.07597917802918479,0.042992515514816525,0.20327631601746246,0.0,0.2758170049004437,0.1887722190610312,0.1419998157772716,1.0,0.9847616673972046,0.06547655892147518
148,0.9999990950308142,0.3301172714996162,0.0,0.0,1.0,0.019551036678625455,0.3889217817205464,0.43920605361019366,0.09291430802264299,0.19884362215074908,0.18338898991119845,0.5079884491308486,1.0,0.4325257159793435,0.04249019856185262
149,0.9999990950308142,0.23083267145504657,0.0,0.0,0.8643839618956055,0.006368013823493601,0.2428799040097564,0.302442880233933,0.0,0.20788336047296227,0.1338331334766507,0.36063940898850794,1.0,0.8714535428365499,0.06547655892147518
150,0.9999990950308142,0.33875216419914633,0.0,0.0,1.0,0.5959163318372337,0.7673151253479155,0.2021558271608809,0.10354164557239502,0.024366611366710884,0.6129996020973408,0.8682287088744876,1.0,0.11703025966896285,0.24758666071168392
151,0.7988660736101936,0.41214827597372294,0.0,0.0,0.9647941205624182,0.02044502709491476,0.20364930121856467,0.6233631002722012,0.3317882757951192,0.510127328421589,0.4130609850331563,0.3420667396271936,1.0,0.32134425082648627,0.06547655892147518
152,0.9999990950308142,0.448128741517006,0.0,0.0,1.0,0.015526411912755875,0.40709157429900567,0.5835172623767401,0.4281853568002539,0.3320550914417759,0.32356072632852634,0.5446076602308404,1.0,0.10616192346239398,0.10216826762378095
153,0.9999990950308142,0.4495686839193099,0.0,0.0,1.0,0.027001512778558907,0.492597145863863,0.554557823578287,0.4308387987068907,0.23714166667578004,0.34945359680917376,0.62630159342252,1.0,0.09637231358892058,0.1743279932120815
154,0.9999990950308142,0.5913420606032902,0.0,0.0,1.0,0.22555745139344086,0.748573915438103,0.5987527754376961,0.6527200911063767,0.19398746947475248,0.6278876800916942,0.7718791811143602,1.0,0.05965351810571422,0.5415888566909278
155,0.9999990950308142,0.6453170444610787,0.0,0.0,1.0,0.0315815457694739,0.6218377804223177,0.6723782994807631,0.6948562684172563,0.3971491906776742,0.5816338725163337,0.6308670905871032,1.0,0.06187303843335449,0.5118069595210365
156,0.9999990950308142,0.375447839229288,0.0,0.0,1.0,0.012657636696305118,0.3566008045083942,0.543091377598969,0.20185782687074438,0.29467622185744424,0.2428021038593842,0.48521040161075196,1.0,0.3194271299191629,0.020540881305702974
157,0.9999990950308142,0.3783277240338958,0.0,0.0,1.0,0.12368257335808486,0.6061174110172409,0.39728178314497625,0.20885886340410917,0.08854973769885839,0.36965632346091115,0.7224590924064328,1.0,0.1188687134239842,0.16914277769471697
158,0.9999990950308142,0.39415756703065213,0.0,0.0,1.0,0.016682261462174698,0.3967175467411509,0.5442085660465473,0.27439950480218706,0.283509421953244,0.2603655000740126,0.5216969098979125,1.0,0.2243948042150197,0.031000827539446205
159,0.9999990950308142,0.541684999266696,0.0,0.0,1.0,0.22555745139344086,0.7251330192668942,0.5606776069724441,0.6227049867380097,0.14533900112313225,0.5749326756848883,0.78106950140691,1.0,0.0680232700804522,0.4627078728617533
160,0.9902933005131175,0.3740098015127014,0.0,0.0,0.9599695247769912,0.002393425834655138,0.2429492412246624,0.5795262427896377,0.19835783052418526,0.4136002895865845,0.3260391302635528,0.3760225272131837,1.0,0.4121793110682037,0.06547655892147518
161,0.9999990950308142,0.541684999266696,0.0,0.0,1.0,0.009790529372422063,0.4110251089233553,0.66015028412396,0.6227049867380097,0.4778113028443571,0.44018083521533596,0.5010525154468676,1.0,0.09823434343239941,0.21673343802167602
162,0.8598184631813287,0.32508033012012855,0.0,0.0,0.8938925813174703,0.013036248309173909,0.17720035012834762,0.5584886107010811,0.07989501054800568,0.40028400919940466,0.31674002289637826,0.30942184767070136,1.0,0.6147101801068815,0.06547655892147518
163,0.9999990950308142,0.5841461579632052,0.0,0.0,1.0,0.2539683333917096,0.7570251876038829,0.5931536315637915,0.6465932707794668,0.17000088581999045,0.6284845340804307,0.7886075415789137,1.0,0.056557111630854265,0.5371816615735058
164,0.9999990950308142,0.2891055786339975,0.0,0.0,0.920465109951158,0.007523863372912424,0.27322599998032987,0.4194324781698572,0.015242677199710647,0.24479744796354358,0.18084879563149053,0.3989233898855477,1.0,0.6553746023940796,0.06547655892147518
165,0.9999990950308142,0.4862700730066035,0.0,0.0,1.0,0.009790529372422063,0.3818739734649921,0.6236164066631957,0.5292896353970403,0.41641140105007945,0.3755494927080603,0.5150066065184662,1.0,0.10346895678695443,0.12703635174140393
166,0.6256097229889322,0.09705611775528979,0.0,0.0,0.5461779962929586,0.06081803458875607,0.04563224721421757,0.13435882541743985,0.0,0.23955962716820847,0.1510767137314442,0.14044849387511468,1.0,0.9824488050050593,0.06547655892147518
167,0.9999990950308142,0.556798680433735,0.0,0.0,1.0,0.03042402832748737,0.5737423409423961,0.6177590057847919,0.6309200094780695,0.3233242965112909,0.47985159453040016,0.6401432774056027,1.0,0.0788867948403971,0.3627641531624101
168,0.9999990950308142,0.375447839229288,0.0,0.0,0.9870279466346711,0.004655088156461666,0.29263501086774785,0.5617815937840097,0.20185782687074438,0.35407974785844815,0.2809946480055299,0.4243133410040763,1.0,0.3635016650011042,0.05850580087058292
169,0.9999990950308142,0.5244133091819184,0.0,0.0,1.0,0.035426038138031454,0.5906089872832597,0.5851946952526091,0.6139210710636002,0.26328538604800705,0.46866890017260554,0.6676002699851737,1.0,0.08581575912358537,0.3403767828047016
170,0.9999990950308142,0.542404970467848,0.0,0.0,1.0,0.012657636696305118,0.4323908061803554,0.6531443409124476,0.6228944437427518,0.4539411881142642,0.4372318740400429,0.520502584582431,1.0,0.09550360690096166,0.23525451361345243
171,0.9999990950308142,0.5517607867113887,0.0,0.0,1.0,0.016682261462174698,0.4667284636643489,0.6480930649330718,0.6295901570040114,0.4304385246394658,0.44395208328523644,0.542692056097382,1.0,0.09258353994487044,0.2776266282957544
172,0.9807250613116624,0.31284843844341464,0.0,0.0,0.9013079597732239,0.003545939598938553,0.20682061823224523,0.5306975166897557,0.0580349081055239,0.3523261523588511,0.27361783147124846,0.33686478936420783,1.0,0.6319998729778091,0.06547655892147518
173,0.9999990950308142,0.380486685294493,0.0,0.0,1.0,0.0315815457694739,0.49904944087650105,0.479148428468998,0.2141099017641944,0.1408169447521727,0.30013607456125463,0.6231021546253175,1.0,0.19030835117979078,0.09340149185649761
174,0.9999990950308142,0.29702050013237563,0.0,0.0,0.9054879372148211,0.001787980832578612,0.23646301523451715,0.4708124204292017,0.03177084366300244,0.30444758187546683,0.22718136892095045,0.36213660895915717,1.0,0.6605839556538587,0.06547655892147518
175,0.9999990950308142,0.3365922505956905,0.0,0.0,1.0,0.32752072773488516,0.674318184053424,0.238832447311033,0.10088507214501864,0.0019274786829059708,0.33069785064662577,0.7805085067707057,1.0,0.19286659734975897,0.1748422294617375
176,0.9999990950308142,0.31284843844341464,0.0,0.0,0.9270823278043003,0.0034975707144751394,0.2564626218318794,0.4963641869318655,0.0580349081055239,0.30479698864947447,0.22982545246149647,0.38432764168367084,1.0,0.596133184691709,0.06547655892147518
177,0.9999990950308142,0.20133956546500045,0.0,0.0,0.8489063191385566,0.009235121147376655,0.25254236454655427,0.2218039870590963,0.0,0.1599030847314161,0.08693426186340668,0.36500611213543804,1.0,0.9583369619659956,0.06547655892147518
178,0.9999990950308142,0.6330813434129301,0.0,0.0,1.0,0.20300921177065143,0.7590020358586504,0.6308434772779217,0.6843834192239883,0.24237894066865193,0.6649028126150082,0.760208098826647,1.0,0.05091448760258606,0.5975206194451772
179,0.9999990950308142,0.36537586115602994,0.0,0.0,0.9963771801219139,0.009235121147376655,0.3223398605387649,0.5439288563835273,0.16389283518493195,0.3061962561528947,0.2399264762799768,0.4529901586553198,1.0,0.37387057304810434,0.05016279386459017
180,0.9999990950308142,0.5330491542243072,0.0,0.0,1.0,0.03328946775880272,0.5834667623946419,0.5946247888769616,0.616200296241862,0.2751433442657372,0.4703474247006563,0.6642322205551974,1.0,0.08006872670357688,0.3424051591227891
181,0.9999990950308142,0.29917946139297286,0.0,0.0,0.9074282708226302,0.001787980832578612,0.23646301523451715,0.47546764732819513,0.03442219788914625,0.30444758187546683,0.22919736379303085,0.36343293329940307,1.0,0.6538140096815929,0.06547655892147518
182,0.9999990950308142,0.8043430643726632,0.0,0.0,1.0,0.6750461589268112,1.0,0.9555740195103678,0.8256959021963443,0.22323210561598938,0.9675077849044151,0.8787611489877898,1.0,0.0,1.0
183,0.9999990950308142,0.396317480634108,0.0,0.0,1.0,0.017237669687220108,0.4038371509780973,0.5456302172246695,0.27966045964461417,0.283509421953244,0.259921424410038,0.529739220758675,1.0,0.21782140583734327,0.0333444116327858
184,0.9999990950308142,0.5006637829724906,0.0,0.0,1.0,0.012657636696305118,0.40905907924112633,0.6256263557461358,0.5661403276196998,0.4048481693600333,0.38854379849014276,0.5325603264385115,1.0,0.09763796462335755,0.16677633865694824
185,0.7074252721694826,0.15458714984733943,0.0,0.0,0.7221850423925642,0.04565522325575965,0.07193023004219243,0.2496313855694567,0.0,0.2887297450697556,0.19153173511361954,0.18428127375965803,1.0,0.9881027359328938,0.06547655892147518
186,0.8902878706980027,0.19414651985349157,0.0,0.0,0.7798378930633235,0.011885402437458198,0.12631322718018825,0.30055752159086313,0.0,0.2779150859518792,0.1895347526552873,0.24620170723469714,1.0,0.9926096179855723,0.06547655892147518
187,0.9999990950308142,0.5344881442837525,0.0,0.0,1.0,0.27652658036990524,0.7407368431405332,0.5549976030779614,0.6165802540915928,0.10751284712387373,0.5830530133996776,0.804097342457042,1.0,0.06384645326617837,0.46733504681930593
188,0.9999990950308142,0.2840714942830858,0.0,0.0,0.9233007828063767,0.009235121147376655,0.28742635994374344,0.3999996699590997,0.00906105525985881,0.2329531598073943,0.16402620453826317,0.4094511463701617,1.0,0.6621883325306237,0.06547655892147518
189,0.9999990950308142,0.5258522992413637,0.0,0.0,1.0,0.27652658036990524,0.7407368431405332,0.5483769826175708,0.6143010289133309,0.10751284712387373,0.5738469310569136,0.8011310442878725,1.0,0.07065970225806001,0.45627134913689255
190,0.9999990950308142,0.39487849057466273,0.0,0.0,1.0,0.004655088156461666,0.3042708773862329,0.5745871807163703,0.27615263449620614,0.3785759514089459,0.29916983653398266,0.43422494011460316,1.0,0.2922131066692905,0.03014662399140654
191,0.9999990950308142,0.32148333114294475,0.0,0.0,0.9827002576529802,0.015526411912755875,0.3546362500860568,0.4463308115458208,0.07547017174303576,0.22215927918312087,0.17637612529723873,0.4766513303847289,1.0,0.49184868770199053,0.06547655892147518
192,0.9999990950308142,0.3365922505956905,0.0,0.0,1.0,0.07156093061733708,0.5385923070114185,0.3416674161345445,0.10088507214501864,0.10185234802445738,0.2932352473854536,0.6533323757914682,1.0,0.297762869777716,0.0697866205250733
193,0.9999990950308142,0.26104860567482063,0.0,0.0,0.8657768558043832,7.338727297897288e-05,0.20486344010936594,0.4018429483873789,0.0,0.27966321342684386,0.20572314394705857,0.3295749815126768,1.0,0.8004459729875764,0.06547655892147518
194,0.9999990950308142,0.4553265488428082,0.0,0.0,1.0,0.017237669687220108,0.4271664191508404,0.58452223691821,0.45168428842976155,0.3324050450182468,0.32857049735116334,0.5615306514875464,1.0,0.1071124247429605,0.12372143250982524
195,0.7683858064632899,0.34810512341411104,0.0,0.0,0.9035469557493802,0.02555044624465649,0.16755805147673516,0.581142618098948,0.1218871379048665,0.44866563794896586,0.3578373922573303,0.3011594062615952,1.0,0.5488859817059176,0.06547655892147518
196,0.9999990950308142,0.5402450568643921,0.0,0.0,1.0,1.0,0.9757693480334786,0.7478305999070934,0.6223245069681556,0.016336817194094095,0.5456861512220229,1.0,1.0,0.04549294954668956,0.6544456199927435
197,0.9998588248070153,0.14236097222777755,0.0,0.0,0.7577287795852286,0.0,0.14558110487130815,0.15480980980568018,0.0,0.1817926809396691,0.10235876153136844,0.2592721536937958,1.0,0.9887378468872586,0.06547655892147518
198,0.9999990950308142,0.6568327743080753,0.0,0.0,1.0,0.05855303648181413,0.6705764332149847,0.665010136381151,0.7050326669805146,0.36179184979992496,0.625512486402729,0.6664257199908201,1.0,0.05618759253013289,0.5657189165613593
199,0.9512113012551923,0.2322716615144918,0.0,0.0,0.8214867166510424,0.008336127053384237,0.1578483826234055,0.37412776378312684,0.0,0.30269781399311246,0.21299878727960878,0.28009140361586543,1.0,0.939211702208021,0.06547655892147518
200,0.9999990950308142,0.27111963140522,0.0,0.0,0.8821987510600571,0.001787980832578612,0.22484681884792038,0.41497445070880407,0.0,0.28001207339838824,0.20299214651509245,0.34832094513545314,1.0,0.7537900967918717,0.06547655892147518
201,0.9999990950308142,0.6071738082857638,0.0,0.0,1.0,0.03042402832748737,0.5971394710701535,0.6509701964815989,0.6628495168585419,0.3722871762792717,0.5334733914479447,0.6311319758095782,1.0,0.06993870698145717,0.44247648559519515
202,0.9998588248070153,0.3797657617504824,0.0,0.0,0.9688224993181298,0.0,0.2500432742901541,0.5795806995381902,0.21235938167079157,0.401688197924994,0.32407066642584276,0.3862562558968186,1.0,0.38553207623063573,0.06547655892147518
203,0.9999990950308142,0.2891055786339975,0.0,0.0,1.0,0.09758005467351837,0.5437576836452689,0.22228584677356142,0.015242677199710647,0.06667818597189216,0.24825187645733546,0.6553978560429479,1.0,0.449807951108004,0.011279867365139163
204,0.9999990950308142,0.2963005289312237,0.0,0.0,0.9416610680969636,0.010946378921840886,0.30744957069937157,0.4177839238727659,0.030886189054082407,0.23330092617401224,0.16331120197837745,0.42946273054511713,1.0,0.6089900917879673,0.06547655892147518
205,0.9999990950308142,0.3006174991095594,0.0,0.0,0.9565857643651092,0.013816822030859348,0.3287685513931371,0.4099339010586887,0.03618994134661655,0.20962711352822103,0.155527655592841,0.45235838918560545,1.0,0.5775720670503955,0.06547655892147518
206,0.9999990950308142,0.3150073997040118,0.0,0.0,0.9511126630900606,0.009235121147376655,0.2990602594490396,0.4666910346864735,0.06068835001216074,0.2573460176923405,0.19289044368183542,0.42627057739254065,1.0,0.5535886896361921,0.06547655892147518
207,0.9999990950308142,0.19846253768896863,0.0,0.0,0.809494224025282,7.338727297897288e-05,0.17585097908081473,0.26700638876672794,0.0,0.21867013266521362,0.14732447807529186,0.29631289137572225,1.0,0.9956417916480023,0.06547655892147518
208,0.9902933005131175,0.23802762175227277,0.0,0.0,0.8377097196136954,0.002393425834655138,0.1790891745429153,0.369380950534295,0.0,0.2789633062739021,0.19890108248535704,0.303911818720672,1.0,0.9029697210852506,0.06547655892147518
209,0.9512113012551923,0.13804590673515915,0.0,0.0,0.739040678332855,0.008336127053384237,0.11729004592975796,0.17120541663125602,0.0,0.21727469277903602,0.12508267004906562,0.2295196626538377,1.0,0.9877625666565787,0.06547655892147518
210,0.9999990950308142,0.41214827597372294,0.0,0.0,1.0,0.02412940177697274,0.45953214591303837,0.5373742441032004,0.3317882757951192,0.23644394673269123,0.294074509649479,0.585534248514379,1.0,0.12079088635026274,0.10142072048307735
211,0.9207527533687478,0.23083267145504657,0.0,0.0,0.81651052217973,0.00949197660280306,0.15077106917001878,0.37102785462688465,0.0,0.30269781399311246,0.21645429347833467,0.272438354339408,1.0,0.9437537078210546,0.06547655892147518
212,0.5000999990950308,0.19989962306269654,0.0,0.0,0.7445160471096156,0.08603823810500719,0.06194517934242749,0.37296601981400546,0.0,0.3733140713052284,0.26550088883034273,0.17410400882187482,1.0,0.9917310478320344,0.06547655892147518
213,0.9711586320485788,0.32148333114294475,0.0,0.0,0.9053881671394948,0.005942701218729099,0.2055386173864296,0.5486410153378257,0.07547017174303576,0.37647076192548834,0.2890443681835404,0.3343980782551089,1.0,0.6080398310797319,0.06547655892147518
214,0.9999990950308142,0.5496008731079328,0.0,0.0,1.0,0.007523863372912424,0.3896687549790021,0.6691092443631077,0.624794232991406,0.48975346864142555,0.4557635453262734,0.48450265327565184,1.0,0.09304904740574015,0.21865420564307625
215,0.41649306341119086,0.14667603772039595,0.0,0.0,0.6769687907542942,0.08272580346554717,0.03565555632050513,0.26686282097508934,0.0,0.32399905075092383,0.22801791512586897,0.13286882144810513,1.0,0.986388417500771,0.06547655892147518
216,0.9999990950308142,0.46684037400408745,0.0,0.0,1.0,0.33339004168063524,0.7400552730706059,0.5029798567787513,0.48316546642435654,0.06714624888042196,0.48450352476570596,0.8388436224849565,1.0,0.07656334726567894,0.37891974200576894
217,0.9999990950308142,0.13732784021972455,0.0,0.0,0.8067317590824781,0.01210222847125971,0.24477118719081012,0.06698510112865737,0.0,0.12013468838274423,0.00800830027663062,0.3512440498400541,1.0,0.9903713330160986,0.06547655892147518
218,0.9999990950308142,0.4661204028029355,0.0,0.0,1.0,0.007523863372912424,0.35470509554766566,0.6140699736214811,0.48183717971066836,0.4160603538686821,0.35840029550723085,0.4928535632266455,1.0,0.11278680431894694,0.08937235561150784
219,0.9207527533687478,0.2768746393001423,0.0,0.0,0.8579144555825569,0.00949197660280306,0.16816438329218997,0.47028022947743797,0.0,0.3393866188688407,0.25948210184950043,0.2975051350784534,1.0,0.7807495945153358,0.06547655892147518
220,1.0,0.3322762327602134,1.0,2.067439889185222e-05,0.9298188784418246,7.672305811438074e-05,0.23970612822958978,0.544541907355869,0.09557140337014262,0.35302879352410904,0.2722828884202178,0.36713560197898926,0.0,0.5415889417559951,0.06547846350017761
221,1.0,0.23442967043223034,1.0,2.067439889185222e-05,0.8749829127549563,0.008080939490525536,0.257070920660523,0.30162190349439055,5.219201232566564e-07,0.19605547639071005,0.12507452187174498,0.37635870767235624,0.0,0.8510751418053606,0.06547846350017761
222,1.0,0.3848036554728287,1.0,2.067439889185222e-05,1.0,0.019554372463760863,0.40641344650215877,0.5305679756363807,0.22461615384535089,0.2353968200155948,0.24572186739927834,0.5380906511128561,0.0,0.24692295959780156,0.029065775577777758
